<?xml version="1.0" encoding="UTF-8"?>
<project-private xmlns="http://www.netbeans.org/ns/project-private/1">
    <editor-bookmarks xmlns="http://www.netbeans.org/ns/editor-bookmarks/2" lastBookmarkId="0"/>
    <open-files xmlns="http://www.netbeans.org/ns/projectui-open-files/2">
        <group>
            <file>file:/C:/Users/HP01/Documents/NetBeansProjects/Homework/2020-03-06_New/Part2/CarProduct/src/aptech/data/test/Test.java</file>
            <file>file:/C:/Users/HP01/Documents/NetBeansProjects/Homework/2020-03-06_New/Part2/CarProduct/src/aptech/datanew/impl/Car.java</file>
            <file>file:/C:/Users/HP01/Documents/NetBeansProjects/Homework/2020-03-06_New/Part2/CarProduct/src/aptech/datanew/ICar.java</file>
        </group>
    </open-files>
</project-private>
